ingredient_type,ingredient,MS_pct,ASH_pct,CP_pct,EE_pct,NDF_pct,DE_pct,ED_kcalkg,swine_ME_kcal_kg,poultry_ME_kcal_kg
concentrate,broken_rice,87.2,1.15,8.6,1.15,2.87,NA,4282.8,4025.229358,3899.082569
concentrate,oats,90.5,3.09,10.94,5.41,34.14,75.5,4471.1,2983.425414,2651.933702
concentrate,oats_decorticated,88.5,3.16,15.82,7.8,11.53,NA,4675.06,3672.316384,3706.214689
concentrate,barley_2_rows_national_11_3_cp,89.9,2.45,12.57,1.89,20.13,80.7,4326.59,3503.893215,3097.886541
concentrate,barley_2_rows_national_9_6_cp,88.9,2.47,10.8,1.91,20.36,NA,4300.28,3509.561305,3093.36333
concentrate,rye_national,89.4,1.79,10.51,1.45,15.21,NA,4300.09,3579.418345,3053.691275
concentrate,rye_german,87.5,2.06,11.54,2.06,12.8,NA,4337.82,3611.428571,3142.857143
concentrate,corn_national,86.4,1.27,8.45,3.82,10.42,86.1,4424.79,3900.462963,3761.574074
concentrate,high_oil_corn_grain,86.2,1.51,9.74,7.42,10.21,NA,4635.18,4002.320186,3955.916473
concentrate,white_sorghum_grain,87,1.49,10.23,3.45,10.11,NA,4421.09,3827.586207,3701.149425
concentrate,wheat_soft_national_12_9_cp,89.7,2.01,14.38,1.56,12.04,85.7,4354.62,3723.522854,3517.279822
concentrate,wheat_soft_national_11_2_cp,89.1,1.8,12.57,1.57,11.9,NA,4337.27,3726.150393,3479.236813
concentrate,wheat_soft_national_10_2_cp,88.5,1.69,11.53,1.58,11.64,NA,4327.07,3728.813559,3474.576271
concentrate,wheat_soft_english,87,1.95,12.64,1.84,10.69,85.7,4346.84,3752.873563,3551.724138
concentrate,wheat_hard_national,90,1.78,15.33,2.22,13.22,NA,4415.95,3666.666667,3388.888889
concentrate,triticale,89.5,1.9,11.96,1.68,13.85,NA,4329.88,3648.044693,3374.301676
concentrate,rice_cooked,87.2,1.15,8.6,1.15,2.87,NA,4282.8,4151.376147,3979.357798
concentrate,corn_heat_processed_national,86.2,1.28,8.47,3.83,10.21,86.8,4425.21,4083.526682,3851.508121
concentrate,white_sorghum_heat_processed,87,1.49,10.23,3.45,10.11,NA,4421.09,3977.011494,3724.137931
concentrate,rice_bran_14_ee,89.7,9.25,15.38,15.5,20.07,NA,4831.7,3444.816054,3171.683389
concentrate,rice_bran_high_fat_17_ee,89.8,9.58,15.14,19.04,22.94,NA,5011.82,3463.25167,3168.151448
concentrate,rice_bran_defatted,90.1,12.87,16.43,3.55,30.52,NA,4018.97,2419.533851,2230.854606
concentrate,barley_ddgs,91.9,5.44,27.09,6.09,37,70.9,4648.03,2720.348205,2023.939064
concentrate,corn_ddgs_7_5_ee_6_8_starch,88.5,5.2,31.07,8.47,37.51,NA,4851.57,2920.903955,2322.033898
concentrate,corn_ddgs_12_5_ee_3_5_starch,90.3,4.98,31.01,13.84,35.77,83.5,5161.07,3122.923588,2580.287929
concentrate,corn_ddgs_12_5_ee_6_8_starch,90.4,4.42,30.31,13.83,33.3,NA,5174.65,3219.026549,2699.115044
concentrate,sorghum_ddgs,90.6,5.19,33.33,10.38,29.8,NA,4992.87,3101.545254,2538.631347
concentrate,wheat_ddgs,91.2,4.82,36.84,5.26,31.8,NA,4775.08,3004.385965,2302.631579
concentrate,brewers_grains,91.5,3.93,26.56,7.87,53.44,63.2,4806.2,2437.15847,0
concentrate,corn_flour_6_ee,86.3,2.2,9.62,6.95,19.12,NA,4576.7,3650.057937,3476.245655
concentrate,corn_gluten_feed_19_cp,88.8,7.77,21.4,2.59,35.7,80.4,4264.16,2747.747748,2094.594595
concentrate,corn_gluten_feed_20_5_cp,88.5,7.34,23.16,2.94,35.71,80.4,4329.08,2757.062147,2112.99435
concentrate,corn_gluten_meal_60,89.6,1.9,66.96,3.01,6.81,NA,5229.36,4162.946429,4029.017857
concentrate,wheat_bran_15_starch,87.4,6.18,17.62,3.78,46.11,NA,4344.06,2414.187643,1876.430206
concentrate,wheat_bran_20_starch,87.6,5.59,17.12,3.88,42.35,71.4,4368.12,2625.570776,2100.456621
concentrate,wheat_middlings_25_starch,87.9,5.12,16.27,3.98,38.57,77.1,4381.65,2798.634812,2303.754266
concentrate,wheat_flour_30_starch,88.2,4.42,16.67,3.97,33.11,NA,4417.89,3004.535147,2539.68254
concentrate,bakery_byproduct_2_5_ash,90.8,2.75,11.45,10.46,8.26,NA,4776.51,4058.370044,3997.797357
concentrate,bakery_byproduct_6_ash,89.6,6.7,11.94,8.48,13.39,NA,4499.18,3593.75,3459.821429
concentrate,bread_byproduct,92.1,2.82,14.12,2.93,8.58,NA,4391.8,3827.361564,3528.773073
concentrate,malt_rootlets_barley_sprouts,90.5,7.18,21.1,1.66,44.42,NA,4233.54,2541.436464,0
concentrate,whole_acorn,62.5,2.56,4.16,7.68,29.76,NA,4519.84,0,0
concentrate,acorn_decorticated,57.2,2.1,5.59,9.27,13.11,NA,4650.57,3671.328671,0
concentrate,tapioca_62_5,88.4,6.9,2.71,0.57,11.88,NA,3908.97,3291.855204,3116.515837
concentrate,tapioca_65,88.2,6.24,2.72,0.57,9.64,NA,3938.16,3384.353741,3231.292517
concentrate,tapioca_70,89,5.06,2.81,0.56,7.3,NA,3990.87,3505.617978,3421.348315
concentrate,molasses_sugarcane,72.6,12.95,5.92,0.14,0,76.6,3666.84,2892.561983,2617.07989
concentrate,molasses_beet,71.8,12.12,12.67,0.14,0,85.9,3804.61,3077.994429,2674.094708
concentrate,vinasses_beet,53,33.21,33.77,0.57,0,NA,3217.23,1830.188679,1132.075472
concentrate,potato_dehydrated,89,6.52,10,0.56,7.87,NA,4034.48,3235.955056,3073.033708
concentrate,sweet_potato_dehydrated,88,3.18,3.75,0.8,10,NA,4101.13,3477.272727,3227.272727
concentrate,cotton_seed_whole,90.9,4.07,22.88,19.58,43.78,64,5400.6,0,0
concentrate,cotton_seed_meal_38_cp,90,6.67,43,1.78,34.56,NA,4591.2,2766.666667,1688.888889
concentrate,lupin_australian,90.7,3.86,34.95,5.4,27.67,89,4796.81,3495.038589,2149.944873
concentrate,peanut_meal_48_cp,90.5,6.63,53.15,1.66,14.7,NA,4738.49,3480.662983,2552.486188
concentrate,peanut_meal_52_cp,91.9,5.44,57.13,1.47,13.49,NA,4839.91,3531.01197,2687.704026
concentrate,camelina_meal_national,91.2,6.47,40.57,3.29,35.31,NA,4648.11,3125,1973.684211
concentrate,camelina_meal_expeller,92.5,6.16,36.65,14.7,27.14,NA,5241.91,3625.945946,2540.540541
concentrate,rapeseed_meal_00,91.2,4.39,20.83,44.63,18.64,NA,6758.57,5087.719298,4440.789474
concentrate,rapeseed_meal_00_33_cp,88.4,7.81,37.33,2.94,30.32,75,4520.95,2997.737557,1900.452489
concentrate,rapeseed_meal_00_36_cp,88.5,7.68,40.68,2.49,28.36,NA,4551.72,2988.700565,1960.451977
concentrate,rapeseed_meal_00_expeller_7_3_ee,89.2,7.85,34.98,8.18,30.16,NA,4777.38,3217.488789,2186.098655
concentrate,rapeseed_meal_00_expeller_12_7_ee,91.6,6.99,32.42,13.86,28.71,NA,5094.9,3493.449782,2521.834061
concentrate,coprah_meal,90.9,6.38,22.88,8.36,51.27,NA,4670.64,3190.319032,1837.183718
concentrate,coprah_expeller,91,6.92,23.52,2.75,54.62,NA,4342.32,2934.065934,1461.538462
concentrate,sunflower_seed,95.6,3.35,17.15,43.62,27.41,76.5,6692.57,4675.732218,4476.987448
concentrate,sunflower_seed_high_oileic,93.9,3.73,18,43.77,27.8,NA,6697,4664.536741,4440.894569
concentrate,sunflower_meal_28_cp,89.4,6.71,31.32,1.45,43.62,61.1,4395.76,2421.700224,1588.36689
concentrate,sunflower_meal_32_cp,89.9,6.9,35.6,1.33,39.15,61.1,4444.88,2575.083426,1735.261402
concentrate,sunflower_meal_36_cp,90.4,7.08,39.82,1.22,34.73,61.1,4494.1,2721.238938,1924.778761
concentrate,sunflower_meal_expeller_31_cp,94.5,7.41,32.8,9.63,36.93,NA,4845.24,2925.925926,2285.714286
concentrate,sunflower_meal_expeller_34_cp,94.8,7.38,35.86,8.97,34.49,61.1,4855.5,2995.780591,2357.594937
concentrate,field_pea_spring,89.3,3.14,24.08,1.12,13.55,NA,4425.76,3667.413214,2989.921613
concentrate,field_pea_heat_processed,88.1,3.18,23.38,1.59,13.73,90.3,4439.82,3734.392736,3110.102157
concentrate,horse_bean_white_flower_variety,88.3,3.28,30.01,1.7,15.06,89.8,4541.03,3601.359003,2944.507361
concentrate,horse_bean_white_flower_variety_dehulled,88.7,3.38,33.82,1.8,8.46,NA,4599.38,3703.494927,3269.447576
concentrate,lentils,88,2.95,27.73,1.48,10,NA,4509.03,3687.5,3011.363636
concentrate,linseed,90.7,5.29,24.26,38.26,18.74,NA,6413.7,4729.878721,3919.514884
concentrate,linseed_meal_expeller,91,6.15,34.62,8.35,25.49,NA,4856.3,3340.659341,1868.131868
concentrate,linseed_meal,89.5,6.7,37.99,3.13,25.25,NA,4590.33,3117.318436,1586.592179
concentrate,palm_kernel_expeller,91.6,4.8,17.03,8.3,64.19,NA,4649.05,2620.087336,1277.292576
concentrate,palm_kernel_expeller_2,90.2,4.99,18.07,2,70.73,NA,4303.49,2245.011086,853.6585366
concentrate,roasted_soybeans,90.8,5.62,40.75,22.03,12.44,NA,5737.65,4311.674009,3689.427313
concentrate,extruded_soybeans,90.8,5.62,40.75,22.03,12.44,NA,5737.65,4465.859031,3854.625551
concentrate,soybean_meal_44_cp,87.9,7.05,50.06,2.16,14.56,90.2,4701.66,3577.929465,2548.350398
concentrate,soybean_meal_45_5_cp,88.1,7.15,51.65,1.93,12.37,NA,4708.23,3586.833144,2587.968218
concentrate,soybean_meal_47_cp,88.2,7.14,53.29,1.93,10.77,90.7,4733.27,3639.455782,2664.399093
concentrate,soybean_meal_48_5_cp,88.2,7.14,54.99,1.93,9.3,NA,4758.77,3679.138322,2766.439909
concentrate,soybean_meal_micronized_51_cp,91.1,7.35,56.42,2.09,8.34,NA,4779.94,3715.697036,2777.167947
concentrate,common_vetch,90,3.89,29.44,1.89,15.89,NA,4516.28,3377.777778,2822.222222
concentrate,ervil_bitter_vetch,91.6,3.49,24.02,0.98,12.55,NA,4401.62,0,0
concentrate,soybean_protein_concentrates_extraction,93,6.56,69.89,1.08,9.14,NA,4960.19,3822.580645,3032.258065
concentrate,soybean_protein_concentrates_fermentation,92,7.28,58.48,1.63,9.78,NA,4788.16,3706.521739,2646.73913
concentrate,soybean_protein_isolates,93.4,3.43,93.15,0.54,0.54,NA,5416.57,4089.93576,3886.509636
concentrate,peas_protein_concentrate,92.5,5.41,55.68,2.27,9.41,NA,4864.28,3762.162162,3259.459459
concentrate,peas_protein_isolate,91.5,4.37,83.5,6.01,1.64,NA,5536.78,4109.289617,4180.327869
concentrate,potato_protein_isolate,92.5,2.59,85.41,2.16,3.24,NA,5428.15,4086.486486,3762.162162
concentrate,wheat_protein_hydrolyzed,91.4,4.27,71.77,6.56,9.63,NA,5396.03,4031.728665,3703.501094
concentrate,rice_protein_concentrate,92.5,1.08,84.32,4.65,2.16,NA,5617.68,4329.72973,4097.297297
concentrate,brewery_yeast,91.8,7.63,50.11,2.18,7.08,89.7,4678.01,3551.198257,2614.379085
concentrate,alfalfa_hay_dehydrated,90,10.89,22.22,2,38.89,NA,4106.14,2105.555556,1211.111111
concentrate,alfalfa_meal_17_5_cp,90.5,11.16,19.34,1.88,41.88,NA,4044.34,1988.950276,1104.972376
concentrate,alfalfa_meal_15_cp,91.1,11.42,16.47,1.76,46.76,NA,3983.13,1833.150384,987.9253568
concentrate,forage_meal_mix_12_5_cp,91.6,11.68,13.65,1.64,51.53,59.8,3922.67,1621.179039,807.860262
concentrate,cottonseed_hulls,91.4,3.28,6.89,3.39,84.9,NA,4288.87,513.1291028,#VALUE!
concentrate,rise_hulls,90.7,14.77,2.87,1.65,79.49,NA,3625.57,749.724366,374.862183
concentrate,oat_hulls,90,4.11,4.22,1.56,74.44,32.2,4109.82,1600,777.7777778
concentrate,sunflower_hulls,91.4,3.61,6.24,3.28,78.99,NA,4258.44,1072.210066,415.7549234
concentrate,horse_bean_hulls_low_in_tannins,89.6,2.79,10.6,0.78,65.74,NA,4219.92,1953.125,591.5178571
concentrate,soybean_hulls_10_cp,88.3,5.1,11.33,2.27,67.16,NA,4212.67,2366.930917,588.9014723
concentrate,soybean_hulls_12_cp,88.8,5.18,13.51,2.7,64.3,79.6,4265.93,2376.126126,653.1531532
concentrate,carob_bean,85,3.18,5.29,0.82,41.18,59,4125.35,2270.588235,0
concentrate,olive_leaves,91.3,11.94,9.2,5.48,47.1,NA,4059.52,909.0909091,0
concentrate,olive_pulp,93.2,8.91,10.3,17.38,38.2,NA,4875.74,2317.596567,0
concentrate,olive_pulp_partially_defatted,93.7,9.61,10.57,12.7,39.17,NA,4586.91,1942.369264,0
concentrate,extracted_olive_pulp,89.7,9.81,12.15,0.56,66.22,NA,3921.97,791.5273133,0
concentrate,grape_seed,91.8,3.16,10.13,12.09,72.98,NA,4829.95,1187.363834,0
concentrate,grape_seed_meal,88.6,5.08,12.53,1.13,77.43,NA,4167.71,869.0744921,0
concentrate,grape_marc,91.8,6.32,12.2,8.17,62.2,NA,4502.44,1209.150327,0
forage,straw_cereals_wheat_and_barley,91.4,7.55,5.03,0.98,77.79,44.65,3938.13,940.9190372,0
concentrate,straw_naoh_treated,91.8,9.91,3.92,1.63,76.47,NA,3854.04,1023.965142,0
concentrate,straw_lentils,90,11.22,6.67,1.11,66.67,NA,3808.53,1105.555556,0
concentrate,citrus_pulp_orange_tangerine,87.7,6.84,6.96,1.82,23.49,82.5,4045.36,3135.689852,1391.106043
concentrate,apple_pulp,89.2,2.24,6.17,4.48,52.47,NA,4384.87,0,0
concentrate,beet_pulp_4_ash,89.3,4.48,9.63,0.67,45.69,81,4124.85,3040.31355,716.6853303
concentrate,beet_pulp_7_5_ash,89.3,8.4,8.85,0.67,44.57,NA,3940.67,2911.534155,604.7032475
concentrate,meat_meal_44_15_28,93.6,29.91,46.69,16.45,1.6,NA,4445.51,2884.615385,2580.128205
concentrate,meat_meal_50_14_26,94.6,27.48,52.11,15.22,1.59,NA,4564.85,2986.257928,2727.272727
concentrate,meat_meal_52_14_25,95.8,26.3,54.59,14.72,1.57,0,4625.97,3089.770355,2818.371608
concentrate,meat_meal_57_13_24,96,24.58,58.96,13.65,1.56,NA,4707.28,3161.458333,2937.5
concentrate,poultry_byproduct,90.3,6.76,68.44,21.37,1.66,NA,6065.88,3826.135105,3975.636766
concentrate,poultry_meat_meal,96.5,16.37,67.15,13.47,1.45,NA,5181.29,3497.409326,3264.248705
concentrate,fish_meal_national_59_9_21,92,23.37,64.13,9.78,1.63,NA,4621.35,3358.695652,3184.782609
concentrate,fish_meal_national_62_9_18,92.2,20.07,67.46,9.98,1.63,NA,4827.7,3497.830803,3335.140998
concentrate,fish_meal_67_10_15,92.8,16.27,71.77,10.13,1.62,NA,5067.95,3706.896552,3523.706897
concentrate,fish_meal_70_9_13,93,13.44,75.27,10.22,0.86,NA,5250.01,3860.215054,3709.677419
concentrate,feather_meal_hydrolyzed,93.2,2.36,90.02,6.44,1.07,NA,5747.1,3304.72103,3165.236052
concentrate,blood_meal_spray,92,3.8,94.57,0.87,0,NA,5440.07,3760.869565,3369.565217
concentrate,hemoglobine,93.5,3.53,97.86,0.53,0,NA,5482.26,3930.481283,3700.534759
concentrate,animal_plasma_70_cp,91.4,18.82,77.24,0.88,0,NA,4519.8,3473.741794,3118.161926
concentrate,animal_plasma_78_cp,91.4,8.32,85.34,0.66,0,NA,5090.98,3840.262582,3446.389497
concentrate,egg_meal,94,5.32,50,40.43,0,NA,6920,5553.191489,6010.638298
concentrate,mucose_hydrolyzed_52_cp,94.2,13.16,56.16,2.76,4.25,NA,4557.92,3694.267516,3237.791932
concentrate,mucose_hydrolyzed_62_cp,95.5,25.76,64.92,2.2,0,NA,4103.56,3497.382199,3350.78534
concentrate,mucose_hydrolyzed_70_cp,96.4,17.95,72.72,0.1,0,NA,4446.6,3713.692946,3578.838174
concentrate,casein,91,2.86,95.6,0.88,0,NA,5497.44,4208.791209,4175.824176
concentrate,skimmed_milk,95,8.21,36,0.95,0,95,4371.96,3805.263158,3031.578947
concentrate,skimmed_milk_denatured,94.4,8.58,36.02,1.06,2.44,NA,4362.14,3691.737288,2913.135593
concentrate,wheypowder_acid,95.6,12.55,9.83,0.94,0,92,3787.89,3399.58159,2290.794979
concentrate,wheypowder_sweet_sheep,95.7,8.78,14.73,1.04,0,NA,4032.87,3594.566353,2612.330199
concentrate,wheypowder_sweet_cattle,95.5,9.01,13.09,0.94,0,92,3992.55,3518.324607,2575.91623
concentrate,wheypowder_50_fat,97.2,4.63,6.38,51.44,0,NA,6912.62,6028.806584,5452.674897
concentrate,wheypowder_partially_lactose_free_22_39_22,95,24.74,22.11,2.95,0,NA,3548.29,3105.263158,2231.578947
concentrate,wheypowder_partially_lactose_free_25_45_20,95.5,20.42,26.7,3.14,0,NA,3817.86,3350.78534,2596.858639
concentrate,wheypowder_partially_lactose_free_20_fat,95.5,16.34,21.36,20.94,0,NA,4914.08,4178.010471,3570.680628
concentrate,whey_permeate,95.9,8.86,3.65,0.52,0,NA,3834.03,3529.718457,2481.751825
concentrate,butterfat,100,0,0,100,0,88,9740,8850,7900
concentrate,tallow,100,0,0,100,0,NA,9740,8050,8000
concentrate,lard,100,0,0,100,0,99.5,9740,8300,8400
concentrate,animal_fat_3_5,100,0,0,100,0,NA,9740,8300,8405
concentrate,animal_fat_5_9,100,0,0,100,0,NA,9740,8270,8375
concentrate,animal_fat_9_12,100,0,0,100,0,NA,9740,8220,8345
concentrate,poultry_fat,100,0,0,100,0,NA,9740,8550,8650
concentrate,chilean_fish_oil,100,0,0,100,0,NA,9740,8300,8400
concentrate,nordic_fish_oil,100,0,0,100,0,NA,9740,8300,8400
concentrate,national_fish_oil,100,0,0,100,0,NA,9740,8300,8400
concentrate,fish_acid_oil_oleins,100,0,0,100,0,NA,9740,7720,7600
concentrate,cotton_oil,100,0,0,100,0,NA,9740,0,0
concentrate,corn_oil,100,0,0,100,0,NA,9740,0,0
concentrate,soybean_oil,100,0,0,100,0,83.7,9740,8690,8750
concentrate,rapeseed_oil,100,0,0,100,0,NA,9740,8650,8700
concentrate,sunflower_oil,100,0,0,100,0,NA,9740,8550,8600
concentrate,high_oleic_sunflower_oil,100,0,0,100,0,NA,9740,8500,8550
concentrate,olive_oil,100,0,0,100,0,NA,9740,8660,8600
concentrate,palm_oil,100,0,0,100,0,80.9,9740,8350,8400
concentrate,coconut_oil,100,0,0,100,0,NA,9740,8700,8700
concentrate,palm_stearin,100,0,0,100,0,NA,9740,7950,8200
concentrate,palm_kernel_oil,100,0,0,100,0,NA,9740,0,0
concentrate,linseed_oil,100,0,0,100,0,NA,9740,0,0
concentrate,peanut_oil,100,0,0,100,0,NA,9740,0,0
concentrate,crude_soybean_lecithins,99,4.55,0,93.23,0,NA,9160.68,7484.848485,7595.959596
concentrate,soya_acid_oil_oleins,100,0,0,100,0,NA,9740,8050,8250
concentrate,sunflower_acid_oil_oleins,100,0,0,100,0,NA,9740,8100,8300
concentrate,olive_acid_oil_oleins,100,0,0,100,0,NA,9740,8000,8050
concentrate,coconut_acid_oil_oleins,100,0,0,100,0,NA,9740,8000,7400
concentrate,palm_distillers,100,0,0,100,0,NA,9740,7700,7800
concentrate,yellow_grease,100,0,0,97,0,NA,9572,8090,8100
concentrate,grasoleins_gt_50,100,0,0,96,0,NA,9516,8000,8100
concentrate,grasoleins_gt_35,100,0,0,94,0,NA,9404,7000,7050
concentrate,grasoleins_lt_20,100,0,0,93,0,NA,9348,6520,6550
concentrate,palm_calcium_soap,100,16,0,84,0,NA,8140,6400,6600
concentrate,mixed_calcium_soaps,100,16,0,84,0,0,8140,6350,6440
concentrate,hydrogenated_fat_gt_55,100,0,0,98,0,NA,9628,6900,6820
concentrate,hydrogenated_fat_gt_90,100,0,0,98.5,0,NA,9656,6600,6750
concentrate,glycerin_85,90.7,4.96,0,0.44,0,NA,3946.4,3869.900772,3902.976847
concentrate,calcium_carbonate,98,100,0,0,0,0,-260,0,0
concentrate,oyster_shells,99.7,98.8,0,0,0,NA,-207.2,0,0
concentrate,mollusk_shells,99,97.68,0,0,0,NA,-157.92,0,0
concentrate,maerl_marine_algae,99.5,97.49,0,0,0,NA,-149.56,0,0
concentrate,dolomitic_carbonate,99.5,98.49,0,0,0,NA,-193.56,0,0
concentrate,bone_meal_degelatinized,97.5,86.15,8.21,3.08,0,NA,645.03,0,0
concentrate,stone_phosphate_defluorinized,99.4,99.6,0,0,0,NA,-242.4,0,0
concentrate,dicalcium_phosphate_anhydrous,99.7,88.26,0,0,0,NA,256.56,0,0
concentrate,dicalcium_phosphate_dihydrated,98,81.63,0,0,0,0,548.28,0,0
concentrate,mono_dicalcium_phosphate_hydrated,98,84.69,0,0,0,NA,413.64,0,0
concentrate,monocalcium_phosphate_hydrated,98,79.59,0,0,0,NA,638.04,0,0
concentrate,monosodium_phosphate_monohydrated,98.5,82.23,0,0,0,NA,521.88,0,0
concentrate,calcium_sodium_phosphate,98.5,99.49,0,0,0,NA,-237.56,0,0
concentrate,magnesium_phosphate_hydrated,97.5,77.95,0,0,0,NA,710.2,0,0
concentrate,triple_na_ca_mg_phosphate_hydrated,100,0,0,0,0,NA,4140,0,0
concentrate,mono_ammonium_phosphate,99.5,0,69.15,0,0,NA,5177.25,0,0
concentrate,mg_oxide_calcined_magnesite,100,0,0,0,0,0,4140,0,0
concentrate,anhydrous_magnesium_sulfate,99.5,0,0,0,0,NA,4140,0,0
concentrate,magnesium_sulfate_heptahydrate,100,0,0,0,0,NA,4140,0,0
concentrate,magnesium_chloride_hexahydrate,100,0,0,0,0,NA,4140,0,0
concentrate,magnesium_propionate_dihydrate,100,0,0,0,0,NA,4140,0,0
concentrate,sodium_chloride_marine,99.8,98.2,0,0,0,NA,-180.8,0,0
concentrate,sodium_chloride_mine_92,99.3,92.65,0,0,0,0,63.4,0,0
concentrate,sodium_chloride_mine_96,99.3,96.68,0,0,0,NA,-113.92,0,0
concentrate,sodium_chloride_mine_98,99.8,96.19,0,0,0,NA,-92.36,0,0
concentrate,sodium_bicarbonate,99.8,99.2,0,0,0,0,-224.8,0,0
concentrate,sodium_carbonate,99.2,99.8,0,0,0,NA,-251.2,0,0
concentrate,sodium_sulfate,99.8,99.2,0,0,0,0,-224.8,0,0
concentrate,urea,99,0.71,290.4,0,0,0,8464.76,0,0
concentrate,ammonium_sulphate,99.2,0,131.05,0,0,NA,6105.75,0,0
concentrate,ammonium_chloride,99.1,0.61,165.09,0,0,0,6589.51,0,0
concentrate,dl_methionine,99.5,0.5,58.69,0,0,NA,4998.35,5376.884422,4422.110553
concentrate,l_methionine,99.5,0.5,58.69,0,0,NA,4998.35,5376.884422,4422.110553
concentrate,sodium_dl_methionine_54,46,14.13,51.3,0,0,NA,4287.78,4652.173913,3826.086957
concentrate,methionine_hydroxy_analog,88,0,0,0,0,NA,4140,5659.090909,4431.818182
concentrate,methionine_hydrozylate_analog_calcium_salts,99,18.18,0,0,0,NA,3340.08,4777.777778,3742.424242
concentrate,l_lysine_hcl,99.5,0.3,94.87,0,0,NA,5549.85,4422.110553,3748.743719
concentrate,l_lysine_50,54,0.56,111.11,0,0,NA,5782.01,5092.592593,4314.814815
concentrate,l_lysine_sulfate,96,4.17,83.33,0,0,NA,5206.47,4115.625,3952.083333
concentrate,l_threonine,99.5,0.5,72.86,0,0,NA,5210.9,3809.045226,3256.281407
concentrate,l_triptophane,99.4,0.7,85.01,0,0,NA,5384.35,6136.820926,5432.595573
concentrate,l_valine,99,0.51,73.13,0,0,NA,5214.51,5328.282828,5151.515152
concentrate,l_arginine,99.5,0.1,197.89,0,0,NA,7103.95,3718.592965,2994.974874
concentrate,l_isoleucine,99,0,68.69,0,0,NA,5170.35,6212.121212,5858.585859
concentrate,l_histidine_hcl,99,0.51,126.57,0,0,NA,6016.11,0,1800
concentrate,starch_96,97,0.15,0,0,0,NA,4133.4,4154.639175,4154.639175
concentrate,starch_84,89,0.22,0,0,0,NA,4130.32,4162.921348,4101.123596
concentrate,sucrose,99.5,0.2,0,0,0,NA,4131.2,3899.497487,3819.095477
concentrate,dextrose_monohydrated,91.5,0.22,0,0,0,NA,4130.32,3934.42623,3606.557377
concentrate,lactose,96.5,0.41,0,0,0,NA,4121.96,3834.196891,2590.673575
concentrate,citric_acid,100,0,0,0,0,NA,4140,2530,2500
concentrate,fumaric_acid,100,0,0,0,0,NA,4140,2750,2710
concentrate,propionic_acid,100,0,0,0,0,NA,4140,4280,4280
concentrate,formic_acid,100,0,0,0,0,NA,4140,900,900
concentrate,butiric_acid,100,0,0,0,0,NA,4140,5975,5500
concentrate,dl_malic_acid,100,0,0,0,0,NA,4140,2390,2350
concentrate,benzoic_acid,100,0,0,0,0,NA,4140,0,0
concentrate,aceyic_acid,100,0,0,0,0,NA,4140,3300,3480
concentrate,lactic_acid,100,0,0,0,0,NA,4140,3610,3550
concentrate,sorbic_acid,100,0,0,0,0,NA,4140,0,0
concentrate,propylenglycol,100,0,0,0,0,NA,4140,5150,5000
concentrate,sodium_formiate,100,0,0,0,0,NA,4140,0,0
concentrate,ammonium_formiate,100,0,135.5,0,0,NA,6172.5,0,0
concentrate,potasium_diformiate,100,0,0,0,0,NA,4140,0,0
concentrate,calcium_formiate,100,0,0,0,0,NA,4140,0,0
concentrate,sodium_propionate,100,0,0,0,0,NA,4140,0,0
concentrate,ammonium_propionate,100,0,96.15,0,0,NA,5582.25,0,0
concentrate,calcium_propionate,100,0,0,0,0,NA,4140,0,0
concentrate,sodium_butyrate,100,0,0,0,0,0,4140,0,0
concentrate,calcium_butyrate,100,0,0,0,0,NA,4140,0,0
concentrate,choline_chloride_75,75,0,0,0,0,NA,4140,0,0
concentrate,choline_chloride_60,98,0,0,0,0,NA,4140,0,0
concentrate,choline_chloride_50_vegetable,97.5,0,0,0,0,NA,4140,0,0
concentrate,choline_chloride_50_mineral,88,0,0,0,0,NA,4140,0,0
concentrate,betaine_anhydrous_97,98.5,0,0,0,0,NA,4140,0,0
concentrate,betaine_anhydrous_93,98.5,0,0,0,0,NA,4140,0,0
concentrate,betaine_hydrocloride,98,0,0,0,0,NA,4140,0,0
concentrate,copper_sulphate_pentahydrate,100,0,0,0,0,NA,4140,0,0
concentrate,copper_oxide_ii,99.8,0,0,0,0,NA,4140,0,0
concentrate,dichloro_trihydroxychloride_tbcc,98,0,0,0,0,NA,4140,0,0
concentrate,zinc_hydroxy_chlorur_monohydrate,100,0,0,0,0,NA,4140,0,0
concentrate,zinc_sulfate_monohydrated,99,0,0,0,0,NA,4140,0,0
concentrate,zinc_sulfate_pentahydrated,100,0,0,0,0,NA,4140,0,0
concentrate,zinc_oxide_72,99.5,0,0,0,0,NA,4140,0,0
concentrate,zinc_oxide_75,99.5,0,0,0,0,NA,4140,0,0
concentrate,iron_sulfate_ii_monohydrated,100,0,0,0,0,NA,4140,0,0
concentrate,iron_sulfate_ii_heptahydrated,100,0,0,0,0,NA,4140,0,0
concentrate,iron_carbonate_ii_siderita,99.5,0,0,0,0,NA,4140,0,0
concentrate,manganose_sulfate_monohydrated,99.5,0,0,0,0,NA,4140,0,0
concentrate,manganese_oxide_ii,99.5,0,0,0,0,NA,4140,0,0
concentrate,dimanganese_trihydroxychlorur,100,0,0,0,0,NA,4140,0,0
concentrate,potaisum_iodine,100,0,0,0,0,NA,4140,0,0
concentrate,calcium_iodate_anhydrous,100,0,0,0,0,NA,4140,0,0
concentrate,cobalt_ii_acetate_tetrahydrate,100,0,0,0,0,NA,4140,0,0
concentrate,cobalt_ii_carbonate,100,0,0,0,0,NA,4140,0,0
concentrate,coated_granulated_cobalt_ii_carbonate,100,0,0,0,0,NA,4140,0,0
concentrate,sodium_selenite,100,0,0,0,0,NA,4140,0,0
concentrate,sodium_molybdate,100,0,0,0,0,NA,4140,0,0
forage,alfalfa_hay_excellent,88.9,11.47,21.15,2.63,39.93,NA,4099.85,0,0
forage,alfalfa_hay_first,90.9,11.11,19.36,2.32,47.19,58.4,4071.48,0,0
forage,alfalfa_hay_second,90.4,11.17,17.59,2.21,54.31,57,4036.13,0,0
forage,alfalfa_hay_third,90,11.09,15.67,2.07,62.22,NA,4003.01,0,0
forage,alfalfa_hay_fourth,90.7,11.91,14.77,1.65,68.03,NA,3929.91,0,0
forage,ryegrass_hay_excellent,91.9,13.06,22.31,2.03,45.59,NA,4013.69,0,0
forage,ryegrass_hay_first,90.5,13.92,20.66,2.51,53.15,NA,3977.98,0,0
forage,ryegrass_hay_second,89.1,11.78,16.5,2.33,59.15,60,3999.66,0,0
forage,ryegrass_hay_third,89.1,9.43,11.78,2.21,64.98,60,4025.54,0,0
forage,ryegrass_hay_fourth,88.7,9.81,11.95,2.46,71.48,61.7,4025.37,0,0
forage,ryegrass_hay_fifth,89.1,10.33,10.55,1.66,79.24,NA,3936.69,0,0
forage,vetch_hay_excellent,89.2,10.25,18.61,0,40.81,NA,3968.15,0,0
forage,vetch_hay_first,89.3,9.19,16.46,0,47.93,NA,3982.54,0,0
forage,vetch_hay_second,89.1,9.09,12.46,0,55.89,NA,3926.94,0,0
forage,vetch_hay_third,90.6,7.25,10.88,0,63.69,60.9,3984.2,0,0
forage,corn_silage_lt20,100,7.28,8.78,4.54,54.8,NA,4205.62,0,0
forage,corn_silage_20_25,100,6.31,8.41,4.35,54.2,NA,4232.11,0,0
forage,corn_silage_25_30,100,4.51,7.68,4.4,56.1,68.6,4303.16,0,0
forage,corn_silage_30_35,100,4.18,7.13,4.2,57.6,NA,4298.23,0,0
forage,corn_silage_gt35,100,4.01,6.95,3.76,52.9,NA,4278.37,0,0
forage,sorghum_silage_lt20,100,8.7,11.2,2.93,54.1,NA,4089.28,0,0
forage,sorghum_silage_20_25,100,8.74,8.79,2.95,54.7,NA,4052.49,0,0
forage,sorghum_silage_25_30,100,8.07,8.37,2.65,56.1,60.3,4058.87,0,0
forage,sorghum_silage_30_35,100,11,8.25,2.9,61.4,NA,3942.15,0,0
forage,sorghum_silage_gt35,100,10.6,8.25,2.54,58.9,NA,3939.59,0,0
forage,oat_silage_20_25,100,9.58,10.1,4.1,58,NA,4099.58,0,0
forage,oat_silage_25_30,100,9.07,8.91,3.6,58.6,60.9,4076.17,0,0
forage,oat_silage_30_35,100,7.57,8.32,3.4,40.5,NA,4122.12,0,0
forage,oat_silage_gt35,100,7.17,8.66,3.1,46,NA,4128.02,0,0
forage,barley_silage_lt20,100,12.2,14,2.9,52.1,NA,3975.6,0,0
forage,barley_silage_20_25,100,9.16,10.6,4.52,59.3,NA,4149.08,0,0
forage,barley_silage_25_30,100,8.55,12.7,3.47,65.2,61.1,4148.62,0,0
forage,barley_silage_30_35,100,7.58,9.57,3.34,41.1,NA,4137.07,0,0
forage,barley_silage_gt35,100,7.76,9.29,2.71,46.7,NA,4089.67,0,0
forage,wheat_silage_lt20,100,8.37,10.8,7.66,52.5,NA,4362.68,0,0
forage,wheat_silage_20_25,100,8.7,9.9,5,59,NA,4185.7,0,0
forage,wheat_silage_25_30,100,8.39,9.14,3.97,64.8,55,4130.26,0,0
forage,wheat_silage_30_35,100,6.43,9.31,3.41,39.2,NA,4187.69,0,0
forage,wheat_silage_gt35,100,6.62,8.4,2.63,45.5,NA,4122,0,0
forage,triticale_silage_lt20,100,10.3,13.9,2.87,51.8,NA,4056.02,0,0
forage,triticale_silage_20_25,100,9.49,11.3,4.42,57.9,NA,4139.46,0,0
forage,triticale_silage_25_30,100,8.9,10.4,5.21,63.7,56,4196.16,0,0
forage,triticale_silage_30_35,100,8.11,10.4,3.96,68.7,NA,4160.92,0,0
forage,triticale_silage_gt35,100,6.07,8.58,2.98,50,NA,4168.5,0,0
forage,ryegrass_fresh_excellent,100,12.4,19.7,3.99,41.5,NA,4113.34,0,0
forage,ryegrass_fresh_first,100,12.8,14.4,3.23,40.4,62.7,3973.68,0,0
forage,ryegrass_fresh_second,100,13.2,12,2.56,41.9,65.7,3882.56,0,0
forage,ryegrass_fresh_third,100,12.4,10.4,2.29,0,60,3878.64,0,0
forage,ryegrass_fresh_fourth,100,14.4,8,2.33,0,60,3756.88,0,0
forage,ryegrass_silage_excellent,100,12.2,18.6,6.8,0,NA,4263,0,0
forage,ryegrass_silage_first,100,11.9,15.8,3.37,0,NA,4042.12,0,0
forage,ryegrass_silage_second,100,11.1,12.7,3,52.5,70,4010.1,0,0
forage,ryegrass_silage_third,100,11.4,11.7,2.2,0,NA,3937.1,0,0
forage,ryegrass_silage_fourth,100,10.2,10.7,2.76,0,NA,4006.26,0,0
forage,grass_silage_excellent,100,15.5,18.6,2.8,0,NA,3893.8,0,0
forage,grass_silage_first,100,11.4,15.9,2.7,0,NA,4028.1,0,0
forage,grass_silage_second,100,10.5,14.4,2.7,0,NA,4045.2,0,0
forage,grass_silage_third,100,9.8,13.1,2.6,0,66,4050.9,0,0
forage,grass_silage_fourth,100,9.1,10.7,2.6,0,NA,4045.7,0,0
forage,grass_silage_fifth,100,11.4,9.5,2.5,0,NA,3920.9,0,0
forage,rapeseed_silage,100,13.2,12.8,4.35,0,NA,3994.8,0,0
forage,sunflower_silage_lt20,100,10.4,11.2,6.8,0,NA,4231.2,0,0
forage,sunflower_silage_20_25,100,9.33,10.5,11.6,0,NA,4536.58,0,0
forage,sunflower_silage_gt25,100,9.2,10.3,13.2,0,NA,4628.9,0,0
concentrate,mycotoxin_adsorbent,100,0,0,0,0,0,4140,0,0
forage,cereals_silage_wheat_barley_oat_triticale,100,8.7,10,4.1,56.5,58,4136.8,0,0
forage,alfalfa_silage,100,0,20,0,40,71.9,4440,0,0
milk,cow_breast_milk,95,7.96,34.89,4.14,0,98,4544.95,0,0
milk,sheep_breast_milk,18,0,32.61,0,0,95,4629.15,0,0
milk,goat_breast_milk,12.9,4.81,25.43,39.3,0,95,6510.61,0,0
milk_replacer,milk_replacer,95.9,9.49,23.02,17.62,0.44,84.2,5054.46,0,0
concentrate,aroma,100,0,0,0,0,0,4140,0,0
concentrate,Vitamin/mineral_supplement,100,0,0,0,0,0,4140,0,0
concentrate,potassium_carbonate,100,0,0,0,0,0,4140,0,0
